RecordID|Autor|Titel|Aufl.|Jahr|ISBN|SPRACHE|Fach|Signatur|URL
001385213|Abels, Heinz|Einführung in die Soziologie|3. Auflage|2007|978-3-531-90594-5|ger|cofz , text , lb06  BSO ,|MQ 1200 A141-1|http://dx.doi.org/10.1007/978-3-531-90594-5
001386041|Abels, Heinz|Einführung in die Soziologie|3. Auflage|2007|978-3-531-90595-2|ger|cofz , text , lb06  BSO ,|MQ 1200 A141-2|http://dx.doi.org/10.1007/978-3-531-90595-2
001619567|Adams, Gabriele|Mathematik zum Studieneinstieg|6., korr. Aufl. 2013|2013|978-364-24005-6-8|ger|cofz , text , lb11  BSO ,|SK 110 A213(6)|http://dx.doi.org/10.1007/978-3-642-40056-8
001682313|Aguinis, Herman|Performance management|3. ed., international ed.|2013|978-0-13-297435-6|eng|cofz , text , lb08  BSO ,|QP 415 A283(3e)|http://www.myilibrary.com?id=527058
001497755|Akremi, Leila|Datenanalyse mit SPSS für Fortgeschrittene 1|3., überarb. und erw. Aufl.|2011|978-3-531-93041-1|ger|cofz , text , lb06  BSO ,|MR 2200 F932-1(3)|http://dx.doi.org/10.1007/978-3-531-93041-1
001700048|Albrecht, Peter|Grundprinzipien der Finanz- und Versicherungsmathematik||2007|978-3-7910-2632-9|ger|cofz , text , lb11  BSO ,|SK 980 A341 G889|http://site.ebrary.com/lib/unimannheim/docDetail.action?docID=10556022
001700044|Albrecht, Peter|Investment- und Risikomanagement|3., überarb. und erw. Aufl.|2008|978-3-7910-2827-9|ger|cofz , text , lb08  BSO ,|QK 530 A341|http://site.ebrary.com/lib/unimannheim/docDetail.action?docID=10773092
001599035|Ambrosius, Gerold|Staat und Wirtschaft im 20. Jahrhundert||1990|978-3-486-70177-7|ger|cofz , text , lb34  BSO ,|NB 2000 A496|http://dx.doi.org/10.1524/9783486701777
001384857|Amelang, Manfred|Psychologische Diagnostik und Intervention|4., vollstäNdig überarbeitete und erweiterte Auflage|2006|978-3-540-28507-6|ger|cofz , text , lb03  BSO ,|CS 1000 A498(4)|http://dx.doi.org/10.1007/3-540-28507-5
001600530|Ammon, Ulrich|Die deutsche Sprache in Deutschland, Österreich und der Schweiz||1995|3-11-014753-X|ger|cofz , text , lb29  BSO ,|GD 1025 A521|http://www.degruyter.com/viewbooktoc/product/45777
001383856|Andermann, Ulrich|Duden - Wie verfasst man wissenschaftliche Arbeiten?|3., völlig neu erarb. Aufl.|2006|3-411-05113-2|ger|cofz , text , lb01  BSO ,|AK 39540 A543|http://ebooks.ciando.com/book/index.cfm/bok%5Fid/7519
001527081|Angrist, Joshua David|Mostly harmless econometrics||2009|978-0-691-12035-5|eng|cofz , text , lb08  BSO ,|QH 300 A593|http://site.ebrary.com/lib/unimannheim/docDetail.action?docID=10392647
001526221|Arens, Peter|Zivilprozessrecht|10., neu bearb. Aufl./ von Wolfgang Lüke|2011||ger|cofz , text , lb09  BSO ,|PG 455 A681(10)|http://ebibliothek.beck.de/Default.aspx?vpath=bibdata/komm/LueHdbZPO%5F10/cont/LueHdbZPO.htm
001589805|Asendorpf, Jens|Psychologie der Persönlichkeit|5., vollst. überarb. Aufl. 2012|2012|978-3-642-30264-0|ger|cofz , text , lb03  BSO ,|CR 1000 A816(5)|http://dx.doi.org/10.1007/978-3-642-30264-0
001700046|Ax, Rolf|Abgabenordnung und Finanzgerichtsordnung|20. aktualisierte Aufl.|2010|978-3-7910-2999-3|ger|cofz , text , lb09  BSO ,|PP 3354 A968(20)|http://site.ebrary.com/lib/unimannheim/docDetail.action?docID=10773074
001366255|Baltagi, Badi H.|Econometrics|Fourth Edition|2008|978-3-540-76516-5|eng|cofz , text , lb08  BSO ,|QH 310 B197|http://dx.doi.org/10.1007/978-3-540-76516-5
001578670|Barner, Martin|Analysis|3., durchges. Aufl.|1996|3-11-015034-4|ger|cofz , text , cofz , text , lb11  BSO ,|SK 400 B259-2(3)|http://www.degruyter.com/viewbooktoc/product/4026
001578669|Barner, Martin|Analysis|5., durchges. Aufl.|2000|3-11-016778-6|ger|cofz , text , cofz , text , lb11  BSO ,|SK 400 B259-1(5)|http://www.degruyter.com/viewbooktoc/product/48496
001703601|Barro, Robert J.|Economic growth|2. ed.|2003|0-262-02553-1|eng|cofz , text , lb08  BSO ,|QC 340 B277(2)|http://site.ebrary.com/lib/unimannheim/docDetail.action?docID=10225267
001541758|Bauer, Hans H.|Erlebniskommunikation||2012|978-3-642-21133-1|ger|cofz , text , lb08  BSO ,|QP 621 B344|http://dx.doi.org/10.1007/978-3-642-21133-1
001347456|Bauer, Hans H.|Marketing Performance||2006|978-3-8349-0664-9|ger|cofz , text , lb08  BSO ,|QP 611 B344|http://dx.doi.org/10.1007/978-3-8349-0664-9
001600335|Bauer, Heinz|Wahrscheinlichkeitstheorie|5., durchges. und verb. Aufl.|2002|3-11-017236-4|ger|cofz , text , lb11  BSO ,|SK 800 B344|http://www.degruyter.com/viewbooktoc/product/119350
001526130|Baur, Jürgen F.|Sachenrecht|18., neu bearb. Aufl.|2009||ger|cofz , text , lb09  BSO ,|PD 6206 B344|http://ebibliothek.beck.de/?vpath=bibdata/komm/BaStSaHdbBGB%5F18/cont/BaStSaHdbBGB.htm
001600531|Benda, Ernst|Handbuch des Verfassungsrechts der Bundesrepublik Deutschland|2., neubearb. und erw. Aufl.|2012|3-11-012279-0|ger|cofz , text , lb09  BSO ,|PL 375 B458(2)|http://www.degruyter.com/viewbooktoc/product/1540
001599402|Berg, Dieter|Deutschland und seine Nachbarn 1200 - 1500||1997|978-3-486-70210-1|ger|cofz , text , lb34  BSO ,|NB 1600 B493|http://dx.doi.org/10.1524/9783486702101
001621707|Berschin, Helmut|Die spanische Sprache|4., überarb. Aufl.|2012|978-3-487-12814-6|ger|cofz , text , lb30  BSO ,|IM 1650 B535|http://ub-mannheim.ciando.com/shop/book/short/index.cfm/fuseaction/short/bok%5Fid/337210
001507483|Bester, Helmut|Theorie der Industrieökonomik||2010|978-3-642-12270-5|ger|cofz , text , lb08  BSO ,|QR 200 B561|http://dx.doi.org/10.1007/978-3-642-12270-5
001635818|Birbaumer, Niels|Biologische Psychologie|7., überarbeitete und ergänzte Auflage|2010|978-354-09593-8-0|ger|cofz , text , lb03  BSO ,|CZ 1000 B617(7)|http://dx.doi.org/10.1007/978-3-540-95938-0
001505258|Bleicken, Jochen|Geschichte der römischen Republik|6. Aufl.|2004|978-3-486-70125-8|ger|cofz , text , lb34  BSO ,|NB 1400 G389|http://dx.doi.org/10.1524/9783486701258
001555593|Bork, Reinhard|Allgemeiner Teil des Bürgerlichen Gesetzbuchs|3., neubearb. Aufl.|2011|978-3-16-150527-0|ger|cofz , text , lb09  BSO ,|PD 3006 B734(3)|http://www.myilibrary.com?id=351544
001384937|Bortz, Jürgen|Forschungsmethoden und Evaluation|4., überarbeitete Auflage|2006|978-3-540-33306-7|ger|cofz , text , lb06  BSO ,|MR 2000 B739(4)|http://dx.doi.org/10.1007/978-3-540-33306-7
001384800|Bortz, Jürgen|Statistik für Human- und Sozialwissenschaftler|Sechste, vollständig überarbeitete und aktualisierte Auflage|2005|978-3-540-26430-9|ger|cofz , text , lb11  BSO ,|SK 850 B739 S797|http://dx.doi.org/10.1007/b137571
001700174|Bosch, Edgar|Praktische Einführung in das verwaltungsgerichtliche Verfahren|9., erw. und überarb. Aufl.|2011|978-3-17-021843-7|ger|cofz , text , lb09  BSO ,|PN 945 B742(9)|http://site.ebrary.com/lib/unimannheim/docDetail.action?docID=10821563
001599312|Boshof, Egon|Königtum und Königsherrschaft im 10. und 11. Jahrhundert|3., aktualisierte und um einen Nachtrag erw. Aufl.|2010|978-3-486-70272-9|ger|cofz , text , lb34  BSO ,|NB 1600 B743|http://dx.doi.org/10.1524/9783486702729
001552151|Bourier, Günther|Beschreibende Statistik|10., aktualisierte Auflage|2012|978-3-8349-3885-5|ger|cofz , text , lb11  BSO ,|SK 840 B774(10)|http://dx.doi.org/10.1007/978-3-8349-3885-5
001497794|Bourier, Günther|Wahrscheinlichkeitsrechnung und schließende Statistik|7|2011|978-3-8349-6555-4|ger|cofz , text , lb11  BSO ,|SK 800 B774(7)|http://dx.doi.org/10.1007/978-3-8349-6555-4
001555587|Braun, Johann|Einführung in die Rechtswissenschaft|4. Aufl.|2011|978-3-16-150770-0|ger|cofz , text , lb09  BSO ,|PC 2700 B825(4)|http://www.myilibrary.com?id=351556
001610662|Breyer, Friedrich|Gesundheitsökonomik|6., vollst. erw. u. überarb. Aufl. 2013|2013|978-3-642-30894-9|ger|cofz , text , lb08  BSO ,|QX 700 B848(6)|http://dx.doi.org/10.1007/978-3-642-30894-9
001616787|Brink, Alfred|Anfertigung wissenschaftlicher Arbeiten|5., überarbeitete und aktualisierte Aufl. 2013|2013|978-3-658-02511-3|ger|cofz , text , lb01  BSO ,|AK 39540 B858(5)|http://dx.doi.org/10.1007/978-3-658-02511-3
001526230|Brox, Hans|Handelsrecht|21., neu bearb. Aufl.|2011||ger|cofz , text , lb09  BSO ,|PE 345 B885(21)|http://ebibliothek.beck.de/?vpath=/bibdata/komm/BrHeHdbHGB%5F21/cont/BrHeHdbHGB.htm
001555131|Bruhn, Manfred|Marketing|11., überarb. Aufl. 2012|2012|978-3-8349-3855-8|ger|cofz , text , lb08  BSO ,|QP 600 B892(11)|http://dx.doi.org/10.1007/978-3-8349-3855-8
001700186|Bryant, Jennings|Media effects|3. ed.|2009|978-0-8058-6449-6|eng|cofz , text , lb25  BSO ,|AP 16800 B915|http://site.ebrary.com/lib/unimannheim/docDetail.action?docID=10274244
001700176|Brüggemeier, Franz-Josef|Geschichte Großbritanniens im 20. Jahrhundert||2010|978-3-406-60176-7|ger|cofz , text , lb34  BSO ,|NB 2000 B889|http://site.ebrary.com/lib/unimannheim/docDetail.action?docID=10601875
001526192|Burgi, Martin|Kommunalrecht|3. Aufl.|2010||ger|cofz , text , lb09  BSO ,|PN 315 B956|http://ebibliothek.beck.de/Default.aspx?vpath=bibdata/komm/BurHdbKomm%5F3/cont/BurHdbKomm.htm
001586107|Burgi, Martin|Kommunalrecht|4. Aufl.|2012||ger|cofz , text , lb09  BSO ,|PN 315 B956(4)|http://ebibliothek.beck.de/?vpath=bibdata/komm/BurHdbKomm%5F4/cont/BurHdbKomm.htm
001699254|Busam, Rolf|Prüfungstrainer lineare Algebra||2009|978-3-8274-1976-7|ger|cofz , text , lb11  BSO ,|SK 220 B976|http://site.ebrary.com/lib/unimannheim/docDetail.action?docID=10266805
001682096|Chaffey, Dave|Digital marketing|5. ed.|2012|978-0-273-74610-2|eng|cofz , text , lb08  BSO ,|QP 650 C433(5)|http://www.myilibrary.com?id=399626
001569305|Choudhry, Moorad|Fixed-income securities and derivatives handbook|2nd ed|0|978-1-57660-334-5|eng|cofz , text , lb08  BSO ,|QK 620 V549|http://proquest.tech.safaribooksonline.de/9780470911112
001639554|Cohen, Jacob|Applied multiple regression correlation analysis for the behavioral sciences|3. ed.|2003|0-8058-2223-2|eng|cofz , text , lb11  BSO ,|SK 840 C678(3)|http://site.ebrary.com/lib/unimannheim/docDetail.action?docID=10110090
001547139|Cormen, Thomas H.|Introduction to algorithms|3. ed.|2009|978-0-262-03384-8|eng|cofz , text , lb12  BSO ,|ST 134 C811(3e)|http://site.ebrary.com/lib/unimannheim/docDetail.action?docID=10397652
001683667|Corneo, Giacomo G.|Öffentliche Finanzen|4., überarb. Aufl.|2012|978-316-15222-3-9|ger|cofz , lb08  BSO ,|QL 300 C814(4)|http://lib.myilibrary.com/detail.asp?id=416051
001505411|Dahlheim, Werner|Geschichte der Römischen Kaiserzeit|3., überarb. und erw. Aufl.|2003|978-3-486-70127-2|ger|cofz , text , lb34  BSO ,|NB 1400 D131|http://dx.doi.org/10.1524/9783486701272
001388934|Danwitz, Thomas von|Europäisches Verwaltungsrecht||2008|978-3-540-79878-1|ger|cofz , text , lb09  BSO ,|PS 3860 D197|http://dx.doi.org/10.1007/978-3-540-79878-1
001491391|Degen, Horst|Statistik-Lehrbuch|2., bearb. Aufl.|2002|3-486-27240-3|ger|cofz , text , lb11  BSO ,|SK 800 D317|http://dx.doi.org/10.1524/9783486272406
001586086|Dethloff, Nina|Familienrecht|30., neu überarb. Aufl. / des von Günther Beitzke begr. und in der 26. und 27. Aufl. von Alexander Lüderitz bearb. Werkes|2012||ger|cofz , text , lb09  BSO ,|PD 7306 B423(30)|http://ebibliothek.beck.de/?vpath=bibdata/komm/DetHdbFam%5F30/cont/DetHdbFam.htm
001628176|Detterbeck, Steffen|Allgemeines Verwaltungsrecht|11. Aufl.|2013||ger|cofz , text , lb09  BSO ,|PN 225 D483(11)|http://ebibliothek.beck.de/?vpath=bibdata/komm/DetHdbAVerw%5F11/cont/DetHdbAVerw.htm
001388705|Deutsch, Erwin|Medizinrecht|Sechste, neu bearbeitete und erweiterte Auflage|2008|978-3-540-72468-1|ger|cofz , text , lb09  BSO ,|PN 731 D486|http://dx.doi.org/10.1007/978-3-540-72468-1
001504747|Dirlmeier, Ulf|Europa im Spätmittelalter 1215 - 1378|2. Aufl.|2009|978-3-486-70092-3|ger|cofz , text , lb34  BSO ,|NB 1600 D599|http://dx.doi.org/10.1524/9783486700923
001635600|Dreger, Christian|Ökonometrie|5., überarb. u. akt. Aufl. 2014|2014|978-383-49382-8-2|ger|cofz , text , lb08  BSO ,|QH 310 E19(5)|http://dx.doi.org/10.1007/978-3-8349-3828-2
001599032|Duchhardt, Heinz|Altes Reich und europäische Staatenwelt||1990|978-3-486-70165-4|ger|cofz , text , lb34  BSO ,|NB 1600 D829|http://dx.doi.org/10.1524/9783486701654
001526228|Dütz, Wilhelm|Arbeitsrecht|16., neu bearb. Aufl.|2011||ger|cofz , text , lb09  BSO ,|PF 250 D853(16)|http://ebibliothek.beck.de/?vpath=bibdata/komm/DueHdbArbR%5F16/cont/DueHdbArbR.htm
001628198|Dütz, Wilhelm|Arbeitsrecht|18., neu bearb. Aufl.|2013||ger|cofz , text , lb09  BSO ,|PF 250 D853(18)|http://ebibliothek.beck.de/?vpath=bibdata/komm/DueHdbArbR%5F18/cont/DueHdbArbR.htm
001627386|Eckstein, Peter P.|Klausurtraining Statistik|6., akt. u. erw. Aufl. 2013|2013|978-3-658-00028-8|ger|cofz , text , lb11  BSO ,|SK 800 E19(6)|http://dx.doi.org/10.1007/978-3-658-00028-8
001626427|Eid, Michael|Statistik und Forschungsmethoden|2. korrig. Aufl.|2011|978-3-621-27834-8|ger|cofz , text , lb03  BSO ,|CM 1000 E34(2)|http://www.content-select.com/index.php?id=bib%5Fview&ean=9783621278348
001537210|Eilam, Eldad|Reversing||2005|0-7645-7481-7|eng|cofz , text , lb12  BSO ,|ST 277 E34|http://proquest.tech.safaribooksonline.de/9780764574818
001628197|Engländer, Armin|Grundkurs StPO|8., neu bearb. Aufl.|2013|978-3-406-65223-3|ger|cofz , text , lb09  BSO ,|PH 4700 V916(8)|http://ebibliothek.beck.de/?vpath=bibdata/komm/VolHdbGKStPO%5F8/cont/VolHdbGKStPO.htm
001639166|Erichsen, Hans-Uwe|Allgemeines Verwaltungsrecht|14., neu bearb. Aufl.|2010|978-3-89949-622-2|ger|cofz , text , lb09  BSO ,|PN 225 E68(14)|http://www.degruyter.com/viewbooktoc/product/44787
001607094|Esch, Franz-Rudolf|Moderne Markenführung|4., vollständig überarbeitete und erweiterte Auflage|2005|978-3-8349-4541-9|ger|cofz , text , lb08  BSO ,|QP 624 E74 M689|http://dx.doi.org/10.1007/978-3-8349-4541-9
001361572|Ewert, Ralf|Interne Unternehmensrechnung|Siebte, überarbeitete Auflage|2008|978-3-540-77284-2|ger|cofz , text , lb08  BSO ,|QP 830 E94|http://dx.doi.org/10.1007/978-3-540-77284-2
001700049|Eysenck, Michael W.|Cognitive psychology|6. ed.|2010|978-1-84169-539-6|eng|cofz , text , lb03  BSO ,|CP 4000 E98(6)|http://site.ebrary.com/lib/unimannheim/docDetail.action?docID=10717460
001682318|Fabozzi, Frank J.|Bond markets, analysis, and strategies|8. ed., global ed.|2013|978-0-273-76613-1|eng|cofz , text , lb08  BSO ,|QK 620 F121(8)|http://www.myilibrary.com?id=523688
001600533|Fikentscher, Wolfgang|Schuldrecht|10., völlig neu bearb. Aufl.|2006|3-89949-147-5|ger|cofz , text , lb09  BSO ,|PD 3606 F477(10)|http://www.degruyter.com/viewbooktoc/product/19571
001526195|Foerste, Ulrich|Insolvenzrecht|5., überarb. u. erw. Aufl.|2010||ger|cofz , text , lb09  BSO ,|PG 570 F654|http://ebibliothek.beck.de/?vpath=bibdata/komm/FoeHdbInsO%5F5/cont/FoeHdbInsO.htm
001364706|Foscht, Thomas|Käuferverhalten|3., aktualisierte Auflage|2007|978-3-8349-9312-0|ger|cofz , text , lb08  BSO ,|QW 300 F747|http://dx.doi.org/10.1007/978-3-8349-9312-0
001623475|Foucault, Thierry|Market liquidity||2013|978-0-19-993624-3|eng|cofz , text , lb08  BSO ,|QK 626 F762(e)|http://www.oxfordscholarship.com/view/10.1093/acprof:oso/9780199936243.001.0001/acprof-9780199936243
001619580|Franz, Wolfgang|Arbeitsmarktökonomik|8., akt. u. erg. Aufl. 2013|2013|978-364-23690-2-5|ger|cofz , text , lb08  BSO ,|QC 220 F837(8)|http://dx.doi.org/10.1007/978-3-642-36902-5
001541733|Frese, Erich|Grundlagen der Organisation|10., überarbeitete und erweiterte Auflage|2012|978-3-8349-7103-6|ger|cofz , text , lb08  BSO ,|QP 340 F884|http://dx.doi.org/10.1007/978-3-8349-7103-6
001455222|Freund, Georg|Strafrecht Allgemeiner Teil|2|2009|978-3-540-79398-4|ger|cofz , text , lb09  BSO ,|PH 3000 F889|http://dx.doi.org/10.1007/978-3-540-79398-4
001627519|Fritzsche, Klaus|Grundkurs Analysis 2|2., überarbeitete und erweiterte Aufl. 2013|2013|978-3-642-37495-1|ger|cofz , text , lb11  BSO ,|SK 400 F919-2(2)|http://dx.doi.org/10.1007/978-3-642-37495-1
001547782|Fromm, Sabine|Datenanalyse mit SPSS für Fortgeschrittene 2: Multivariate Verfahren für Querschnittsdaten|2. Aufl.|2012|978-3-531-18794-5|ger|cofz , text , lb06  BSO ,|MR 2200 F932-2(2)|http://dx.doi.org/10.1007/978-3-531-18794-5
001580963|Fuchs, Maximilian|Delikts- und Schadensersatzrecht|8. Aufl. 2012|2012|978-3-642-31618-0|ger|cofz , text , lb09  BSO ,|PD 6026 F951(8)|http://dx.doi.org/10.1007/978-3-642-31618-0
001439861|Fuchs, Maximilian|Deliktsrecht|Siebte, aktualisierte und überarbeitete Auflage|2009|978-3-540-89060-7|ger|cofz , text , lb34  BSO ,|PD 6026 F951|http://dx.doi.org/10.1007/978-3-540-89060-7
001578664|Föllmer, Hans|Stochastic finance|3., rev. and extend. ed.|2011|978-3-11-021804-6|eng|cofz , text , lb11  BSO ,|SK 980 F654|http://www.degruyter.com/viewbooktoc/product/41374
001388923|Gabriel, Oscar W.|Die EU-Staaten im Vergleich|3., aktualisierte und erweiterte Auflage|2008|978-3-531-91075-8|ger|cofz , text , lb07  BSO ,|MK 5100 G118|http://dx.doi.org/10.1007/978-3-531-91075-8
001629930|Gebhardt, Hans|Europa eine Geographie||2013|978-382-74272-0-5|ger|cofz , text , lb35  BSO ,|RB 10053 G293|http://dx.doi.org/10.1007/978-3-8274-2720-5
001443508|Gehring, Uwe W.|Grundkurs Statistik für Politologen und Soziologen|5., überarbeitete Auflage|2009|978-3-531-91879-2|ger|cofz , text , lb07  BSO ,|MB 2520 G311|http://dx.doi.org/10.1007/978-3-531-91879-2
001504878|Gehrke, Hans-Joachim|Geschichte des Hellenismus|4., durchges. Aufl.|2008|978-3-486-70098-5|ger|cofz , text , lb34  BSO ,|NB 1400 G311|http://dx.doi.org/10.1524/9783486700985
001638802|Geißler, Rainer|Die Sozialstruktur Deutschlands|7., grundlegend überarb. Aufl. 2014|2014|978-353-11915-1-5|ger|cofz , text , lb06  BSO ,|MS 1204 G313(7)|http://dx.doi.org/10.1007/978-3-531-19151-5
001545115|Gilovich, Thomas|Social psychology|2. ed., international student edition|2011|978-0-393-93258-4|eng|cofz , text , lb03  BSO ,|CV 1000 G488|
001599302|Goertz, Hans-Jürgen|Religiöse Bewegungen in der Frühen Neuzeit||1993|978-3-486-70197-5|ger|cofz , text , mteo , lb34  BSO ,|NB 1600 G597|http://dx.doi.org/10.1524/9783486701975
001384860|Gropp, Walter|Strafrecht Allgemeiner Teil|Dritte, überarbeitete und erweiterte Auflage|2005|978-3-540-28852-7|ger|cofz , text , lb09  BSO ,|PH 3000 G876(3)|http://dx.doi.org/10.1007/3-540-28852-X
001526135|Grunewald, Barbara|Bürgerliches Recht|8., völl. neu bearb. Aufl.|2009||ger|cofz , text , lb09  BSO ,|PD 2700 G891(8)|http://ebibliothek.beck.de/Default.aspx?vpath=bibdata/komm/GruHdbBGB%5F8/cont/GruHdbBGB.htm
001638093|Grunewald, Barbara|Einführung in das Kapitalmarktrecht|3. Aufl.|2014||ger|cofz , text , lb09  BSO ,|PE 610 G891(3)|http://ebibliothek.beck.de/?vpath=bibdata/komm/GrSchHdbKap%5F3/cont/GrSchHdbKap.htm
001563958|Gröne, Maximilian|Italienische Literaturwissenschaft|2., aktualisierte Aufl.|2012|978-3-8233-6699-7|ger|cofz , text , lb30  BSO ,|IT 1000 G874|http://www.digicontent.narr.de/17699/9783823376996.pdf
001419942|Gröne, Maximilian|Spanische Literaturwissenschaft||2009|978-3-8233-6475-7|ger|cofz , text , lb30  BSO ,||http://www.narr.de/bib/17475/9783823374756.pdf
001555515|Gusy, Christoph|Polizei- und Ordnungsrecht|8., vollst. überarb. und aktualisierte Aufl.|2011|978-3-16-150994-0|ger|cofz , text , lb09  BSO ,|PN 355 G982(8)|http://www.myilibrary.com?id=351563
001395563|Hagmann, Jasmin|Assessment Center|2., aktualisierte Aufl.|2008||ger|cofz , text , lb01  BSO ,|AL 43950 A846(2)|http://ebooks.ciando.com/book/index.cfm/bok%5Fid/17727
001580468|Hagmann, Jasmin|Die besten Bewerbungsmuster Bachelor/Master|2. Auflage|2009|978-3-448-09338-4|ger|cofz , text , lb01  BSO ,|AL 43950 B572|http://www.wiso-net.de/webcgi?START=A60&DOKV%5FDB=HAUF,AHAU&DOKV%5FNO=9783448093384198&DOKV%5FHS=0&PP=1
001599303|Hartmann, Wilfried|Der Investiturstreit|3., überarb. und erw. Aufl.|2007|978-3-486-70142-5|ger|cofz , text , lb34  BSO ,|NB 1600 H333|http://dx.doi.org/10.1524/9783486701425
001497005|Heckhausen, Jutta|Motivation und Handeln|4., überarbeitete und erweiterte Auflage|2010|978-3-642-12693-2|ger|cofz , text , lb03  BSO ,|CP 3100 H449(4)|http://dx.doi.org/10.1007/978-3-642-12693-2
001401277|Heghmanns, Michael|Strafrecht für alle Semester - Besonderer Teil||2009|978-3-540-85314-5|ger|cofz , text , lb09  BSO ,|PH 2600 H464|http://dx.doi.org/10.1007/978-3-540-85314-5
001699296|Heij, Christiaan|Econometric methods with applications in business and economics|1. publ.|2004|0-19-926801-0|eng|cofz , text , lb08  BSO ,|QH 310 H465|http://site.ebrary.com/lib/unimannheim/docDetail.action?docID=10266440
001626299|Helms, Tobias|Erbrecht|6., neu bearb. Aufl.|2013||ger|cofz , text , lb09  BSO ,|PD 8106 F828(6)|http://ebibliothek.beck.de/?vpath=bibdata/komm/FrankHeHdbErbR%5F6/cont/FrankHeHdbErbR.htm
001628184|Herdegen, Matthias|Europarecht|15., überarb. und erw. Aufl.|2013||ger|cofz , text , lb09  BSO ,|PS 2500 H541(15)|http://ebibliothek.beck.de/?vpath=bibdata/komm/herdegenhdbeuropar%5F15/cont/herdegenhdbeuropar.htm
001687011|Herdegen, Matthias|Europarecht|16., überarb. und erw. Aufl.|2014||ger|cofz , text , lb09  BSO ,|PS 2500 H541(16)|https://ebibliothek.beck.de/?vpath=bibdata/komm/herdegenhdbeuropar%5F16/cont/herdegenhdbeuropar.htm
001467949|Herrmann, Harald|Gesellschafts- und Konzernrecht für Wirtschaftsjuristen||2008|978-3-428-12122-9|ger|cofz , text , lb09  BSO ,|PE 375 H568|http://elibrary.duncker-humblot.de/9783428521227/U1
001547275|Herrmann, Harald|Gesellschafts- und Konzernrecht für Wirtschaftsjuristen||2008|978-3-428-52122-7|ger|cofz , text , lb09  BSO ,|PE 375 H568|http://www.wiso-net.de/webcgi?START=A60&DOKV%5FDB=DUHU,ADUH&DOKV%5FNO=9783428521227571&DOKV%5FHS=0&PP=1
001598874|Hildebrand, Klaus|Deutsche Aussenpolitik 1871 - 1918|3., überarb. und um einen Nachtrag erw. Aufl.|2008|978-3-486-70139-5|ger|cofz , text , lb34  BSO ,|NB 2000 H642 D486|http://dx.doi.org/10.1524/9783486701395
001589888|Hill, Paul B.|Familiensoziologie|5. Aufl. 2013|2013|978-3-531-94269-8|ger|cofz , text , lb06  BSO ,|MS 1900 H647(5)|http://dx.doi.org/10.1007/978-3-531-94269-8
001636691|Hix, Simon|The political system of the European Union|2. ed.|2005|978-0-333-96181-0|eng|cofz , text , lb07  BSO ,|MK 5110 H676|http://www.myilibrary.com?id=86038
001526136|Hoffmann, Bernd von|Internationales Privatrecht|9., neu bearb. Aufl.|2007||ger|cofz , text , lb09  BSO ,|PT 320 H711|http://ebibliothek.beck.de/Default.aspx?vpath=bibdata/komm/HoThHdbIPR%5F9/cont/HoThHdbIPR.htm
001339067|Hoitsch, Hans-Jörg|Kosten- und Erlösrechnung|6., überarbeitete Auflage|2007|978-3-540-73772-8|ger|cofz , text , lb08  BSO ,|QP 830 H719|http://dx.doi.org/10.1007/978-3-540-73772-8
001599400|Holenstein, André|Bauern zwischen Bauernkrieg und Dreissigjährigem Krieg||1996|978-3-486-70209-5|ger|cofz , text , lb34  BSO ,|NB 2200 H729|http://dx.doi.org/10.1524/9783486702095
001439870|Honsell, Heinrich|Römisches Recht|Siebte, ergänzte und aktualisierte Auflage|2010|978-3-642-05307-8|ger|cofz , text , lb09  BSO ,|PV 260 H774(7)|http://dx.doi.org/10.1007/978-3-642-05307-8
001541601|Hromadka, Wolfgang|Arbeitsrecht Band 1||2012|978-3-642-22784-4|ger|cofz , text , lb09  BSO ,|PF 250 H873-1(5)|http://dx.doi.org/10.1007/978-3-642-22784-4
001627800|Hromadka, Wolfgang|Arbeitsrecht Band 2|6. Aufl. 2014|2014|978-364-23813-2-4|ger|cofz , text , lb09  BSO ,|PF 250 H873-2(6)|http://dx.doi.org/10.1007/978-3-642-38132-4
001626300|Hufen, Friedhelm|Verwaltungsprozessrecht|9., überarb. und aktualisierte Aufl.|2013||ger|cofz , text , lb09  BSO ,|PN 945 H889(9)|http://ebibliothek.beck.de/?vpath=bibdata/komm/HufHdbVerwProz%5F9/cont/HufHdbVerwProz.htm
001602167|Hull, John|Options, futures, and other derivatives|8. ed., global ed.|2012|978-0-273-75907-2|eng|cofz , text , lb08  BSO ,|QK 660 H913(8e)|http://www.myilibrary.com?id=469801
001699291|Härdle, Wolfgang|Applied multivariate statistical analysis|3. ed.|2012|978-3-642-17228-1|eng|cofz , text , lb08  BSO ,|SK 830 H136(3)|http://site.ebrary.com/lib/unimannheim/docDetail.action?docID=10650432
001514386|Jacobs, Otto H.|Internationale Unternehmensbesteuerung|7., neu bearb. und erw. Aufl.|2011|978-3-406-60372-3|ger|cofz , text , lb08  BSO ,|QL 530 J17|http://beck-online.beck.de/?vpath=bibdata/komm/JacobsHdbIntStR%5F7/cont/JacobsHdbIntStR.htm
001385149|Jarren, Otfried|Politische Kommunikation in der Mediengesellschaft|2., überarbeitete Auflage|2006|978-3-531-90212-8|ger|cofz , text , lb01  BSO ,|AP 14150 J37|http://dx.doi.org/10.1007/978-3-531-90212-8
001699307|John, Klaus Dieter|Arbeitsbuch Makroökonomik|2., überarb. und erw. Aufl.|2012|978-3-7910-3185-9|ger|cofz , text , lb08  BSO ,|QC 300 M278 J65(2)|http://site.ebrary.com/lib/unimannheim/docDetail.action?docID=10773111
001526164|Junker, Abbo|Vertragsgestaltung|3., neubearb. Aufl.|2010||ger|cofz , text , lb09  BSO ,|PD 4000 J95(3)|http://ebibliothek.beck.de/Default.aspx?vpath=bibdata/komm/JunKanVertrHdbZivR%5F3/cont/JunKanVertrHdbZivR.htm
001388750|Jäckel, Michael|Medienwirkungen|4., überarbeitete und erweiterte Auflage|2008|978-3-531-90801-4|ger|cofz , text , lb01  BSO ,|AP 17120 J22|http://dx.doi.org/10.1007/978-3-531-90801-4
001700045|Kabatek, Johannes|Spanische Sprachwissenschaft|2., überarb. Aufl.|2011|978-3-8233-6658-4|ger|cofz , text , lb30  BSO ,|IM 1650 K11(2)|http://site.ebrary.com/lib/unimannheim/docDetail.action?docID=10529573
001599311|Kaiser, Reinhold|Das römische Erbe und das Merowingerreich|3., überarb. und erw. Aufl.|2004|978-3-486-70169-2|ger|cofz , text , lb34  BSO ,|NB 1600 K13|http://dx.doi.org/10.1524/9783486701692
001599033|Kaschuba, Wolfgang|Lebenswelt und Kultur der unterbürgerlichen Schichten im 19. und 20. Jahrhundert||1990|978-3-486-70178-4|ger|cofz , text , lb34  BSO ,|NB 2000 K19|http://dx.doi.org/10.1524/9783486701784
001406659|Kelle, Udo|Die Integration qualitativer und quantitativer Methoden in der empirischen Sozialforschung|2. Auflage|2008|978-3-531-91174-8|ger|cofz , text , lb06  BSO ,|MR 1100 K29|http://dx.doi.org/10.1007/978-3-531-91174-8
001682314|Keller, Kevin Lane|Strategic brand management|4. ed., global ed., Pearson international ed.|2013|978-0-13-266425-7|eng|cofz , text , lb08  BSO ,|QP 624 K29(4)|http://www.myilibrary.com?id=523713
001464982|Kirchhoff, Sabine|Der Fragebogen|5|2010|978-3-531-92050-4|ger|cofz , text , lb06  BSO ,|MR 2500 K58(5)|http://dx.doi.org/10.1007/978-3-531-92050-4
001526137|Koch, Harald|IPR und Rechtsvergleichung|4., neu bearb. Aufl.|2010||ger|cofz , text , lb09  BSO ,|PT 320 K76(4)|http://ebibliothek.beck.de/Default.aspx?vpath=bibdata/komm/KoMaWiHdbIPR%5F4/cont/KoMaWiHdbIPR.htm
001700162|Kocher, Ursula|Literaturwissenschaft||2008|978-3-05-004413-2|ger|cofz , text , lb27  BSO ,|EC 1458 K76|http://site.ebrary.com/lib/unimannheim/docDetail.action?docID=10851829
001599034|Kohler, Alfred|Das Reich im Kampf um die Hegemonie in Europa 1521 - 1648|2., um einen Nachtr. erw. Aufl.|2010|978-3-486-70424-2|ger|cofz , text , lb34  BSO ,|NB 1600 R347|http://dx.doi.org/10.1524/9783486704242
001504746|Kolb, Eberhard|Die Weimarer Republik|7., durchges. und erw. Aufl.|2009|978-3-486-70094-7|ger|cofz , text , lb34  BSO ,|NB 2000 K81(7)|http://dx.doi.org/10.1524/9783486700947
001514391|Koller, Ingo|Handelsgesetzbuch|7. Aufl.|2011|978-3-406-60605-2|ger|cofz , text , lb09  BSO ,|PE 340 K81(7)|http://beck-online.beck.de/?vpath=bibdata/komm/KoRoMoKoHGB%5F7/cont/KoRoMoKoHGB.htm
001682132|Kotler, Philip|Grundlagen des Marketing|5., aktualisierte Aufl.|2011|978-3-8689-4014-5|ger|cofz , text , lb08  BSO ,|QP 600 K87 G889|http://www.myilibrary.com?id=404916
001682135|Kotler, Philip|Principles of marketing|6. European ed.|2013|978-0-273-74297-5|eng|cofz , text , lb08  BSO ,|QP 600 K87(6)|http://www.myilibrary.com?id=485112
001578633|Kowalsky, Hans-Joachim|Lineare Algebra|12., überarb. Aufl.|2003|3-11-017963-6|ger|cofz , text , lb11  BSO ,|SK 220 K88|http://www.degruyter.com/viewbooktoc/product/36737
001568561|Krapp, Andreas|Pädagogische Psychologie|5., vollst. überarb. Aufl.|2006|978-3-621-27902-4|ger|cofz , text , lb03  BSO ,|CX 1000 K89(5)|http://www.content-select.com/index.php?id=bib%5Fview&ean=9783621279024
001682140|Krugman, Paul R.|Internationale Wirtschaft|9., aktualisierte Aufl.|2012|978-3-86894-134-0|ger|cofz , text , lb08  BSO ,|QM 000 K94(9)|http://www.myilibrary.com?id=404899
001400008|Kruschwitz, Lutz|Investitionsrechnung|12., aktualisierte Aufl.|2009|978-3-486-58766-1|ger|cofz , text , lb08  BSO ,|QP 720 K94|http://ebooks.ciando.com/book/index.cfm/bok%5Fid/19413
001636203|Köhler, Helmut|BGB, Allgemeiner Teil|37., neu bearb. Aufl. des von Heinrich Lange begründeten Werkes|2013||ger|cofz , text , lb09  BSO ,|PD 3006 K77(37)|http://ebibliothek.beck.de/?vpath=bibdata/komm/KoeHATHdbBGB%5F37/cont/KoeHATHdbBGB.htm
001514343|Kühl, Kristian|Strafgesetzbuch|27., neu bearb. Aufl. des von Eduard Dreher und Hermann Maassen begr. und von Karl Lackner, seit der 21. Aufl. neben ihm von Kristian Kühl, seit der 25. Aufl. von diesem allein fortgef. Werkes|2011||ger|cofz , text , lb09  BSO ,|PH 2550 L141|http://beck-online.beck.de/?vpath=bibdata/komm/LackKoStGB%5F27/Buch/cont/LackKoStGB.htm
001526185|Kühl, Kristian|Strafrecht - Allgemeiner Teil|6., neu bearb. Aufl.|2008||ger|cofz , text , lb09  BSO ,|PH 3000 K95(6)|http://ebibliothek.beck.de/Default.aspx?vpath=bibdata/komm/KuehHdbStrafAT%5F6/cont/KuehHdbStrafAT.htm
001586117|Kühl, Kristian|Strafrecht, Allgemeiner Teil|7., neubearb. Aufl.|2012||ger|cofz , text , lb09  BSO ,|PH 3000 K95(7)|http://ebibliothek.beck.de/?vpath=bibdata/komm/KuehHdbStrafAT%5F7/cont/KuehHdbStrafAT.htm
001700158|Küpper, Hans-Ulrich|Controlling|6., überarb. Aufl.|2013|978-379-10321-1-5|ger|cofz , text , lb08  BSO ,|QP 361 K95(6)|http://site.ebrary.com/lib/unimannheim/docDetail.action?docID=10773156
001580096|Lamberts, Koen|Handbook of cognition|1. publ.|2005|0-7619-7277-3|eng|cofz , text , lb03  BSO ,|CP 4000 L223(e)|http://site.ebrary.com/lib/unimannheim/docDetail.action?docID=10218020
001626421|Lamnek, Siegfried|Qualitative Sozialforschung|5., überarb. Aufl.|2010|978-3-621-27840-9|ger|cofz , text , lb06  BSO ,|MR 2000 L232(5)|http://www.content-select.com/index.php?id=bib%5Fview&ean=9783621278409
001529339|Larman, Craig|Applying UML and patterns|2nd ed|0|0-13-092569-1|eng|cofz , text , lb12  BSO ,|ST 230 L324|http://proquest.tech.safaribooksonline.de/0130925691
001531111|Larman, Craig|Applying UML and patterns|3rd ed|2005|0-13-148906-2|eng|cofz , text , lb12  BSO ,|ST 230 U42|http://proquest.tech.safaribooksonline.de/0131489062
001684178|Lau, Dietlinde|Algebra und Diskrete Mathematik 1|Zweite, korrigierte und erweiterte Auflage|2007|978-3-540-72553-4|ger|cofz , text , lb11  BSO ,|SK 200 L366-1(2)|http://dx.doi.org/10.1007/978-3-540-72553-4
001452176|Lauth, Hans-Joachim|Vergleichende Regierungslehre|3., aktualisierte und erweiterte Auflage|2010|978-3-531-92357-4|ger|cofz , text , lb07  BSO ,|ME 1000 L389|http://dx.doi.org/10.1007/978-3-531-92357-4
001633394|LeVeque, Randall J.|Finite-volume methods for hyperbolic problems||2002|978-0-521-81087-6|eng|cofz , text , lb11  BSO ,|SK 920 L657 H998(e)|http://proquest.tech.safaribooksonline.de/9781139636919
001526148|Lent, Friedrich|Zwangsvollstreckungs- und Insolvenzrecht|23., völlig neubearb. Aufl.|2010||ger|cofz , text , lb09  BSO ,|PG 530 J41(23)|http://ebibliothek.beck.de/Default.aspx?vpath=bibdata/komm/JauBerHdbZVR%5F23/cont/JauBerHdbZVR.htm
001338862|Lingnau, Volker|Kosten- und Erlösrechnung|Vierte, überarbeitete Auflage|2005|978-3-540-35024-8|ger|cofz , text , lb08  BSO ,|QP 830 L755|http://dx.doi.org/10.1007/3-540-35024-1
001699789|Ljungqvist, Lars|Recursive macroeconomic theory|3. ed.|2012|978-0-262-01874-6|eng|cofz , text , lb08  BSO ,|QC 300 L789(3)|http://site.ebrary.com/lib/unimannheim/docDetail.action?docID=10604334
001424239|Lorenz, Michael|Meine Bewerbung|4., aktualis. Aufl.|2009|978-3-448-09506-7|ger|cofz , text , lb01  BSO ,|AL 43950 L869(4)|http://ebooks.ciando.com/book/index.cfm/bok%5Fid/30606
001399986|Lück, Wolfgang|Technik des wissenschaftlichen Arbeitens|10., überarb. und erw. Aufl.|2009|978-3-486-58968-9|ger|cofz , text , lb01  BSO ,|AK 39540 L948|http://ebooks.ciando.com/book/index.cfm/bok%5Fid/19412
001700187|Lüdemann, Carolin|Topkandidat im Assessment-Center|1. Aufl.|2008|978-3-636-01579-2|ger|cofz , text , lb01  BSO ,|AL 43950 L948|http://site.ebrary.com/lib/unimannheim/docDetail.action?docID=10673340
001556624|Mandl, Heinz|Handbuch Lernstrategien||2006|3-8017-1813-1|ger|cofz , text , lb03  BSO ,|CX 3000 M272|http://ebooks.ciando.com/book/index.cfm/bok%5Fid/5634
001700177|Manning, Christopher D.|Foundations of statistical natural language processing||1999|0-262-13360-1|eng|cofz , text , lb12  BSO ,|ST 306 M283(e)|http://site.ebrary.com/lib/unimannheim/docDetail.action?docID=10629189
001628180|Manssen, Gerrit|Staatsrecht II|10. Aufl.|2013||ger|cofz , text , lb09  BSO ,|PL 400 M289(10)|http://ebibliothek.beck.de/?vpath=bibdata/komm/ManHdbStaatsR%5F10/cont/ManHdbStaatsR.htm
001526206|Maurer, Hartmut|Allgemeines Verwaltungsrecht|18., überarb. und erg. Aufl.|2011|978-3-406-61452-1|ger|cofz , text , lb09  BSO ,|PN 225 M453(18)|http://ebibliothek.beck.de/Default.aspx?vpath=bibdata/komm/MauHdbAllgVerwR%5F18/cont/MauHdbAllgVerwR.htm
001526174|Maurer, Hartmut|Staatsrecht I|6., überarb. u. erg. Aufl.|2010||ger|cofz , text , lb09  BSO ,|PL 375 M453(6)|http://ebibliothek.beck.de/Default.aspx?vpath=bibdata/komm/MauHdbStaatsR%5F6/cont/MauHdbStaatsR.htm
001560311|Mayer, Christoph|Lineare Algebra für Wirtschaftswissenschaftler|5. Aufl. 2012|2012|978-3-8349-4188-6|ger|cofz , text , lb11  BSO ,|SK 220 M468(5)|http://dx.doi.org/10.1007/978-3-8349-4188-6
001682316|McDonald, Robert L.|Derivatives markets|3. ed., internat.ed.|2013|978-0-321-84782-9|eng|cofz , text , lb08  BSO ,|QK 660 M478(3)|http://www.myilibrary.com?id=526952
001585948|Medicus, Dieter|Schuldrecht|16., neu bearb. Aufl.|2012||ger|cofz , text , cofz , text , lb09  BSO ,|PD 3606 M489-2(16)|http://ebibliothek.beck.de/?vpath=bibdata/komm/MeLoSchIIBTHdbBGB%5F16/cont/MeLoSchIIBTHdbBGB.htm
001585949|Medicus, Dieter|Schuldrecht|20., neu bearb. Aufl|2012||ger|cofz , text , cofz , text , lb09  BSO ,|PD 3606 M489-1(20)|http://ebibliothek.beck.de/?vpath=bibdata/komm/MeLoSchIATHdbBGB%5F20/cont/MeLoSchIATHdbBGB.htm
001398967|Meffert, Heribert|Dienstleistungsmarketing|6., vollständig neubearbeitete Auflage|2009|978-3-8349-8026-7|ger|cofz , text , lb08  BSO ,|QQ 250 M495|http://dx.doi.org/10.1007/978-3-8349-8026-7
001547717|Meffert, Heribert|Marketing|11., überarbeitete und erweiterte Auflage|2012|978-3-8349-6916-3|ger|cofz , text , lb08  BSO ,|QP 600 M495(11)|http://dx.doi.org/10.1007/978-3-8349-6916-3
001388763|Melischek, Gabriele|Medien & Kommunikations-forschung im Vergleich||2008|978-3-531-90808-3|ger|cofz , text , lb01  BSO ,|AP 12350 M523|http://dx.doi.org/10.1007/978-3-531-90808-3
001384862|Metzig, Werner|Lernen zu lernen|7|2006|978-3-540-29252-4|ger|cofz , text , lb01  BSO ,|AK 39500 M596|http://dx.doi.org/10.1007/3-540-29252-7
001700165|Mody, Bella|International and development communication||2003|0-7619-2901-0|eng|cofz , text , lb25  BSO ,|AP 13950 M692|http://site.ebrary.com/lib/unimannheim/docDetail.action?docID=10581915
001541692|Moosbrugger, Helfried|Testtheorie und Fragebogenkonstruktion|2., aktualisierte und überarbeitete Auflage|2012|978-3-642-20072-4|ger|cofz , text , lb03  BSO ,|CM 3000 M825(2)|http://dx.doi.org/10.1007/978-3-642-20072-4
001339049|Mosler, Karl C.|Beschreibende Statistik und Wirtschaftsstatistik|Dritte Auflage|2006|978-3-540-37459-6|ger|cofz , text , lb08  BSO ,|QH 240 M912(3)|http://dx.doi.org/10.1007/978-3-540-37459-6
001526140|Musielak, Hans-Joachim|Examenskurs BGB|2., neu bearb.Aufl.|2010||ger|cofz , text , lb09  BSO ,|PD 2700 M987 E96(2)|http://ebibliothek.beck.de/Default.aspx?vpath=bibdata/komm/MusHdbExBGB%5F2/cont/MusHdbExBGB.htm
001586090|Musielak, Hans-Joachim|Grundkurs ZPO|11., neubearb. Aufl.|2012||ger|cofz , text , lb09  BSO ,|PG 455 M987(11)|http://ebibliothek.beck.de/?vpath=bibdata/komm/MusHdbZPO%5F11/cont/MusHdbZPO.htm
001576776|Mädche, Alexander|Software for People||2012|978-3-642-31371-4|eng|cofz , text , lb12  BSO ,|ST 230 M184|http://dx.doi.org/10.1007/978-3-642-31371-4
001563959|Müller, Natascha|Einführung in die Mehrsprachigkeitsforschung|3., überarb. Aufl.|2011|978-3-8233-6674-4|ger|cofz , text , lb27  BSO ,|ER 930 M947|http://www.digicontent.narr.de/17674/9783823376743.pdf
001510163|Müller-Benedict, Volker|Grundkurs Statistik in den Sozialwissenschaften|5|2011|978-3-531-93225-5|ger|cofz , text , lb06  BSO ,|MR 2100 M947|http://dx.doi.org/10.1007/978-3-531-93225-5
001700043|Müller-Lancé, Johannes|Latein für Romanisten|2., aktual. Aufl.|2012|978-3-8233-6694-2|ger|cofz , text , lb30  BSO ,|FN 3481 M947|http://site.ebrary.com/lib/unimannheim/docDetail.action?docID=10529577
001638174|Müller-Stewens, Günter|Corporate strategy & governance||2009|978-3-7910-2854-5|ger|cofz , text , lb08  BSO ,|QP 341 M947|http://site.ebrary.com/lib/unimannheim/docDetail.action?docID=10555979
001395562|Müller-Thurau, Claus Peter|101 Fragen und Antworten im Vorstellungsgespräch|3., aktualis. Aufl.|2008||ger|cofz , text , lb01  BSO ,|AL 43950 M947 V955|http://ebooks.ciando.com/book/index.cfm/bok%5Fid/17826
001700047|Nevalainen, Terttu|An introduction to early modern English||2006|978-0-7486-1524-7|eng|cofz , text , lb28  BSO ,|HF 100 N499|http://site.ebrary.com/lib/unimannheim/docDetail.action?docID=10130482
001505472|Newton, Kenneth|Foundations of comparative politics|2. ed.|2010|978-0-521-19988-9|eng|cofz , text , lb07  BSO ,|ME 1000 N564|http://www.myilibrary.com?id=265324
001539628|Nicol, Natascha|Wissenschaftliche Arbeiten schreiben mit Word 2007|6., aktualisierte Aufl|2007|978-3-8273-2530-3|ger|cofz , text , lb01  BSO ,|AK 39580 N634|http://proquest.tech.safaribooksonline.de/9783827325303
001605519|Nicol, Natascha|Wissenschaftliche Arbeiten schreiben mit Word 2010||0|978-3-8273-2962-2|ger|cofz , text , lb12  BSO ,|ST 351 W61 W816(7)|http://proquest.tech.safaribooksonline.de/9783827329622
001700167|Norde, Muriel|Degrammaticalization|1. publ.|2009|978-0-19-920793-0|eng|cofz , text , lb27  BSO ,|ET 100 N828|http://site.ebrary.com/lib/unimannheim/docDetail.action?docID=10348629
001402392|Nöllke, Claudia|Das Vorstellungsgespräch für Frauen||2007|3-448-08612-6|ger|cofz , text , lb01  BSO ,|AL 43950 N769|http://ebooks.ciando.com/book/index.cfm/bok%5Fid/12307
001565542|O'Rourke, Kevin H.|Globalization and history||2001|0-262-65059-2|eng|cofz , text , lb08  BSO ,|QM 100 O74|http://site.ebrary.com/lib/unimannheim/docDetail.action?docID=10225281
001699269|Oberguggenberger, Michael|Analysis für Informatiker|2. Aufl.|2009|978-3-540-89822-1|ger|cofz , text , lb11  BSO ,|SK 400 O12(2)|http://site.ebrary.com/lib/unimannheim/docDetail.action?docID=10279586
001626414|Oerter, Rolf|Entwicklungspsychologie|6., vollst. überarb. Aufl.|2008|978-3-621-27847-8|ger|cofz , text , lb03  BSO ,|CQ 1000 O29|http://www.content-select.com/index.php?id=bib%5Fview&ean=9783621278478
001684205|Otto, Harro|Grundkurs Strafrecht|7., neubearb. Aufl.|2004|3-89949-139-4|ger|cofz , text , cofz , text , lb09  BSO ,|PH 2600 O91-1(7)|http://www.degruyter.com/viewbooktoc/product/61659
001600520|Otto, Harro|Grundkurs Strafrecht|7., neu bearb. Aufl.|2005|3-89949-228-5|ger|cofz , text , lb09  BSO , druck ,|PH 2600 O91-2(7)|http://www.degruyter.com/viewbooktoc/product/20409
001505469|Peitz, Martin|Industrial organization||0|978-0-521-86299-8|eng|cofz , text , lb08  BSO ,|QC 130 B438|http://www.myilibrary.com?id=265292
001586109|Pieroth, Bodo|Polizei- und Ordnungsrecht|7. Aufl.|2012||ger|cofz , text , lb09  BSO ,|PN 355 P619(7)|http://ebibliothek.beck.de/?vpath=bibdata/komm/PiSchKnHdbPAG%5F7/cont/PiSchKnHdbPAG.htm
001518547|Plate, Jürgen|Das gesamte examensrelevante Zivilrecht||2011|978-3-642-21007-5|ger|cofz , text , lb09  BSO ,|PD 2700 P716(5)|http://dx.doi.org/10.1007/978-3-642-21007-5
001600524|Polenz, Peter von|Deutsche Sprachgeschichte vom Spätmittelalter bis zur Gegenwart||1994|3-11-013436-5|ger|cofz , text , cofz , text , lb29  BSO ,|GC 5865 P765-2|http://www.degruyter.com/viewbooktoc/product/45332
001600431|Polenz, Peter von|Deutsche Sprachgeschichte vom Spätmittelalter bis zur Gegenwart||1999|3-11-014344-5|ger|cofz , text , cofz , text , lb29  BSO ,|GC 5865 P765-3|http://www.degruyter.com/viewbooktoc/product/48163
001600214|Polenz, Peter von|Geschichte der deutschen Sprache|10., völlig neu bearb. Aufl.|2009|978-3-11-017507-3|ger|cofz , text , lb29  BSO ,|GC 1125 P765|http://www.degruyter.com/viewbooktoc/product/40836
001618791|Puttkamer, Joachim von|Ostmitteleuropa im 19. und 20. Jahrhundert||2010|978-3-486-70206-4|ger|cofz , text , lb34  BSO ,|NB 2000 P993|http://dx.doi.org/10.1524/9783486702064
001406765|Püttjer, Christian|20 perfekte Bewerbungen für Hochschulabsolventen||2008|978-3-593-38674-4|ger|cofz , text , lb01  BSO ,|AL 43950 P977 P438|http://ebooks.ciando.com/book/index.cfm/bok%5Fid/19958
001383835|Püttjer, Christian|Bewerben um ein Praktikum|1. Aufl|2006|3-593-37815-9|ger|cofz , text , lb01  BSO ,|AL 34200 P977|http://ebooks.ciando.com/book/index.cfm/bok%5Fid/6364
001406771|Püttjer, Christian|Das überzeugende Bewerbungsgespräch für Hochschulabsolventen|8., akt. u. überarb. Aufl.|2008|978-3-593-38669-0|ger|cofz , text , lb01  BSO ,|AL 43950 P977 H685|http://ebooks.ciando.com/book/index.cfm/bok%5Fid/20160
001405064|Püttjer, Christian|Die Bewerbungsmappe mit Profil für die erfolgreiche Initiativbewerbung|3., aktualisierte Aufl.|2006|3-593-37939-2|ger|cofz , text , lb01  BSO ,|AL 43950 P977 E67|http://ebooks.ciando.com/book/index.cfm/bok%5Fid/6352
001393678|Püttjer, Christian|Die beste Bewerbungsmappe|3., aktualisierte Aufl.|2008||ger|cofz , text , lb01  BSO ,|AL 43950 P977 B561|http://ebooks.ciando.com/book/index.cfm/bok%5Fid/19935
001390320|Püttjer, Christian|Professionelle Bewerbungsberatung für Hochschulabsolventen|3., aktualisierte. u. überarb. Aufl.|2008||ger|cofz , text , lb01  BSO ,|AL 43950 P977 P964|http://ebooks.ciando.com/book/index.cfm/bok%5Fid/19903
001405090|Püttjer, Christian|Vorstellungsgespräch|2., aktualisierte Aufl.|2006|3-593-37940-6|ger|cofz , text , lb01  BSO , ps ,|AL 43950 P977 V955|http://ebooks.ciando.com/book/index.cfm/bok%5Fid/6363
001385920|Raithel, Jürgen|Quantitative Forschung||2006|978-3-531-90088-9|ger|cofz , text , lb06  BSO ,|MS 2000 R161|http://dx.doi.org/10.1007/978-3-531-90088-9
001550135|Ratz, Dietmar|Grundkurs Programmieren in Java|6., aktualisierte und erw. Aufl.|2011|978-3-446-42663-4|ger|cofz , text , lb12  BSO ,|ST 250 J41 R238(6)|http://ub-mannheim.ciando.com/shop/book/short/index.cfm/fuseaction/short/bok%5Fid/235327
001703609|Ray, Debraj|Development economics||1998|0-691-01706-9|eng|cofz , text , lb08  BSO ,|QC 347 R263|http://site.ebrary.com/lib/unimannheim/docDetail.action?docID=10578575
001626935|Raykov, Tenko|An introduction to applied multivariate analysis||2008|0-8058-6375-3|eng|cofz , cofz , text , text , lb03  BSO ,|CM 4100 R266|http://site.ebrary.com/lib/unimannheim/docDetail.action?docID=10211618
001526160|Rehbinder, Manfred|Urheberrecht|16. Aufl.|2010||ger|cofz , text , lb09  BSO ,|PE 743 R345|http://ebibliothek.beck.de/?vpath=bibdata/komm/RehHdbUrhR%5F16/cont/RehHdbUrhR.htm
001526101|Rengier, Rudolf|Strafrecht - Besonderer Teil|12., neu bearb. Aufl.|2010||ger|cofz , text , cofz , text , lb09  BSO ,|PH 3500 R412|http://ebibliothek.beck.de/Default.aspx?vpath=bibdata/komm/RenHdbStrBTI%5F12/cont/RenHdbStrBTI.htm
001628166|Rengier, Rudolf|Strafrecht - Besonderer Teil|14., neu bearb. Aufl.|2013||ger|cofz , text , cofz , text , lb09  BSO ,|PH 3500 R412-2(14)|http://ebibliothek.beck.de/?vpath=bibdata/komm/RenHdbStrBTII%5F14/cont/RenHdbStrBTII.htm
001628165|Rengier, Rudolf|Strafrecht - Besonderer Teil|15., neu bearb. Aufl.|2013||ger|cofz , text , cofz , text , lb05  BSO ,|PH 3500 R412-1(15)|http://ebibliothek.beck.de/?vpath=bibdata/komm/RenHdbStrBTI%5F15/cont/RenHdbStrBTI.htm
001683180|Rengier, Rudolf|Strafrecht - Besonderer Teil|16., neu bearb. Aufl.|2014||ger|cofz , text , cofz , text , lb09  BSO ,|PH 3500 R412-1(16)|https://ebibliothek.beck.de/?vpath=bibdata/komm/RenHdbStrBTI%5F16/cont/RenHdbStrBTI.htm
001628189|Rengier, Rudolf|Strafrecht, Allgemeiner Teil|5., neu bearb. Aufl.|2013||ger|cofz , text , lb09  BSO ,|PH 3000 R412(5)|http://ebibliothek.beck.de/?vpath=bibdata/komm/RenHdbStrAT%5F5/cont/RenHdbStrAT.htm
001700179|Roberts, Ian G.|Diachronic syntax|1. publ.|2007|978-0-19-928366-8|eng|cofz , text , lb27  BSO ,|ET 620 R644|http://site.ebrary.com/lib/unimannheim/docDetail.action?docID=10271411
001700183|Roberts, Ian G.|Syntactic change|1. publ.|2003|0-521-79056-5|eng|cofz , text , lb27  BSO ,|ET 640 R644|http://site.ebrary.com/lib/unimannheim/docDetail.action?docID=10289388
001600534|Roeck, Bernd|Lebenswelt und Kultur des Bürgertums in der frühen Neuzeit||1991|978-3-486-70184-5|ger|cofz , text , lb34  BSO ,|NB 2200 R711|http://dx.doi.org/10.1524/9783486701845
001393677|Rohrschneider, Uta|Die besten Bewerbungsmuster|4., aktualisierte Aufl.|2009||ger|cofz , text , lb01  BSO ,|AL 43950 R739|http://ebooks.ciando.com/book/index.cfm/bok%5Fid/20041
001401996|Rohrschneider, Uta|Die besten Bewerbungsmuster für Führungskräfte|2., aktualisierte Aufl.|2006|3-448-07239-7|ger|cofz , text , lb01  BSO ,|AL 43950 R739 F953|http://ebooks.ciando.com/book/index.cfm/bok%5Fid/6528
001700181|Rosenstiel, Lutz von|Grundlagen der Organisationspsychologie|7., überarb. Aufl.|2011|978-3-7910-3065-4|ger|cofz , text , lb03  BSO ,|CW 4500 R815 G889(7)|http://site.ebrary.com/lib/unimannheim/docDetail.action?docID=10773126
001568565|Rost, Detlef H.|Handwörterbuch Pädagogische Psychologie|4., überarb. und erw. Aufl.|2010|978-3-621-27906-2|ger|cofz , text , lb03  BSO ,|CX 1000 R839(4)|http://www.content-select.com/index.php?id=bib%5Fview&ean=9783621279062
001586079|Roxin, Claus|Strafverfahrensrecht|27., neu bearb. Aufl. des von Eduard Kern begr. Werkes|2012||ger|cofz , text , lb09  BSO ,|PH 4700 R887(27)|http://ebibliothek.beck.de/?vpath=bibdata/komm/RoSchHdbStrafverf%5F27/cont/RoSchHdbStrafverf.htm
001600526|Roxin, Claus|Täterschaft und Tatherrschaft|8. Aufl.|2006|978-3-11-092186-1|ger|cofz , text , lb09  BSO ,|PH 3160 R887(8)|http://www.degruyter.com/doi/book/10.1515/9783110921861
001599296|Rösener, Werner|Agrarwirtschaft, Agrarverfassung und ländliche Gesellschaft im Mittelalter||1992|978-3-486-70195-1|ger|cofz , text , lb34  BSO ,|NB 1600 R718|http://dx.doi.org/10.1524/9783486701951
001614169|Saake, Gunter|Algorithmen und Datenstrukturen|4., überarb. Aufl.|2010|978-3-89864-663-5|ger|cofz , text , lb12  BSO ,|ST 134 S111(4)|http://ub-mannheim.ciando.com/shop/book/short/index.cfm/fuseaction/short/bok%5Fid/328115
001700173|Saake, Gunter|Algorithmen und Datenstrukturen|5., überarb. Aufl.|2014|978-3-86490-136-2|ger|cofz , text , lb12  BSO ,|ST 134 S111(5)|http://site.ebrary.com/lib/unimannheim/docDetail.action?docID=10835502
001600527|Saussure, Ferdinand de|Grundfragen der allgemeinen Sprachwissenschaft|3. Aufl. / mit einem Nachw. von Peter Ernst|2001|3-11-017015-9|ger|cofz , text , lb27  BSO ,|ER 560 S259|http://www.degruyter.com/viewbooktoc/product/49040
001626417|Schandry, Rainer|Biologische Psychologie|3., vollst. überarb. Aufl.|2011|978-3-621-27844-7|ger|cofz , text , lb03  BSO ,|CZ 1000 B615(3)|http://www.content-select.com/index.php?id=bib%5Fview&ean=9783621278447
001599398|Schildt, Gerhard|Die Arbeiterschaft im 19. und 20. Jahrhundert||1996|978-3-486-70208-8|ger|cofz , text , lb34  BSO ,|NB 2000 S334|http://dx.doi.org/10.1524/9783486702088
001682138|Schira, Josef|Statistische Methoden der VWL und BWL|4., aktualisierte Aufl.|2012|978-3-86894-117-3|ger|cofz , text , lb08  BSO ,|QH 231 S337(4)|http://www.myilibrary.com?id=505950
001700180|Schmalen, Helmut|Grundlagen und Probleme der Betriebswirtschaft|15., überarb. und erw. Aufl.|2013|978-3-7910-3235-1|ger|cofz , text , lb08  BSO ,|QP 120 S347(15)|http://site.ebrary.com/lib/unimannheim/docDetail.action?docID=10773163
001599295|Schmidt, Heinrich Richard|Konfessionalisierung im 16. Jahrhundert||1992|978-3-486-70190-6|ger|cofz , text , mteo , lb34  BSO ,|NB 1600 S351|http://dx.doi.org/10.1524/9783486701906
001385018|Schmidt, Reiner|Kompendium Öffentliches Wirtschaftsrecht|Dritte, überarbeitete und aktualisierte Auflage|2007|978-3-540-48735-7|ger|cofz , text , lb09  BSO ,|PN 744 S353|http://dx.doi.org/10.1007/978-3-540-48735-7
001552309|Schmidt-Atzert, Lothar|Psychologische Diagnostik|5., vollständig überarbeitete und erweiterte Auflage|2012|978-3-642-17001-0|ger|cofz , text , lb03  BSO ,|CS 1000 A498(5)|http://dx.doi.org/10.1007/978-3-642-17001-0
001568566|Schnotz, Wolfgang|Pädagogische Psychologie kompakt|2., überarb. und erw. Aufl.|2011|978-3-621-27773-0|ger|cofz , text , lb03  BSO ,|CX 1000 S362(2)|http://www.content-select.com/index.php?id=bib%5Fview&ean=9783621279079
001589784|Schreiber, Ulrich|Besteuerung der Unternehmen|3. Aufl. 2012|2012|978-3-8349-3984-5|ger|cofz , text , lb08  BSO ,|QL 800 S378(3)|http://dx.doi.org/10.1007/978-3-8349-3984-5
001596765|Schreiber, Ulrich|International Company Taxation||2013|978-3-642-36306-1|eng|cofz , text , lb08  BSO ,|QL 800 M947(e)|http://dx.doi.org/10.1007/978-3-642-36306-1
001618888|Schreiner, Peter|Byzanz 565 - 1453|4., aktualisierte Aufl.|2011|978-3-486-70477-8|ger|cofz , text , lb34  BSO ,|NB 1600 S378(4)|http://dx.doi.org/10.1524/9783486704778
001438147|Schuler, Heinz|Lehrbuch Organisationspsychologie|4., aktualisierte Aufl.|2007|978-3-456-84458-9|ger|cofz , text , lb03  BSO ,|CW 4500 S386|http://ebooks.ciando.com/book/index.cfm/bok%5Fid/12997
001460681|Schuler, Heinz|Lehrbuch der Personalpsychologie|2., überarb. u. erw. Aufl.|2006|3-8017-1934-0|ger|cofz , text , lb03  BSO ,|CW 4700 S386|http://ebooks.ciando.com/book/index.cfm/bok%5Fid/6446
001497021|Schuller, Wolfgang|Griechische Geschichte|6., aktualisierte Aufl.|2008|978-3-486-70097-8|ger|cofz , text , lb34  BSO ,|NB 1400 S386|http://dx.doi.org/10.1524/9783486700978
001398896|Schulz, Winfried|Politische Kommunikation|2., vollständig überarbeitete und erweiterte Auflage|2008|978-3-531-91830-3|ger|cofz , text , lb01  BSO ,|AP 14150 S389|http://dx.doi.org/10.1007/978-3-531-91830-3
001699277|Schulze-Pillot, Rainer|Einführung in Algebra und Zahlentheorie|2., überarb. u. erw. Aufl.|2008|978-3-540-79569-8|ger|cofz , text , lb11  BSO ,|SK 200 S391|http://site.ebrary.com/lib/unimannheim/docDetail.action?docID=10252065
001636201|Schwab, Dieter|Familienrecht|21., neu bearb. Aufl.|2013||ger|cofz , text , lb09  BSO ,|PD 7306 S398(21)|http://ebibliothek.beck.de/Default.aspx?vpath=bibdata/komm/SchHdbFamR%5F21/cont/SchHdbFamR.htm
001628183|Schäfer, Carsten|Gesellschaftsrecht|3., neu bearb. Aufl.|2013||ger|cofz , text , lb09  BSO ,|PE 375 S294(3)|http://ebibliothek.beck.de/?vpath=/bibdata/komm/schhdbgesr%5F3/cont/schhdbgesr.htm
001589885|Schäfer, Hans-Bernd|Lehrbuch der ökonomischen Analyse des Zivilrechts|5. Aufl. 2012|2012|978-3-642-29122-7|ger|cofz , text , lb09  BSO ,|PI 4130 S294(5)|http://dx.doi.org/10.1007/978-3-642-29122-7
001497041|Schöllgen, Gregor|Das Zeitalter des Imperialismus|5., überarb. und erw. Aufl.|2009|978-3-486-70088-6|ger|cofz , text , lb34  BSO ,|NB 2000 S364|http://dx.doi.org/10.1524/9783486700886
001700041|Siegel, Jeff|The emergence of Pidgin and Creole languages|1. publ.|2008|978-0-19-921666-6|eng|cofz , text , lb27  BSO ,|HF 571 S571|http://site.ebrary.com/lib/unimannheim/docDetail.action?docID=10229937
001586076|Sodan, Helge|Grundkurs Öffentliches Recht|5., wesentlich überarb. Aufl.|2012||ger|cofz , text , lb09  BSO ,|PL 375 S679(5)|http://ebibliothek.beck.de/?vpath=bibdata/komm/SoZiHdbGKOeffentR%5F5/cont/SoZiHdbGKOeffentR.htm
001392067|Stahlknecht, Peter|Einführung in die Wirtschaftsinformatik|11., vollst. überarb. Aufl.|2005|978-6-610-61589-6|ger|cofz , text , lb12  BSO ,|ST 610 S781|http://www.myilibrary.com?id=61589
001555761|Stein, Ekkehart|Staatsrecht|21., neubearb. Aufl.|2010|978-3-16-150258-3|ger|cofz , text , lb09  BSO ,|PL 375 S819(21)|http://www.myilibrary.com?id=351565
001526178|Stern, Klaus|Verwaltungsprozessrecht in der Klausur|9., vollst. neu bearb. u. erw. Aufl.|2008||ger|cofz , text , lb09  BSO ,|PN 945 S839|http://ebibliothek.beck.de/Default.aspx?vpath=bibdata/komm/StBlHdbVerwProzR%5F9/cont/StBlHdbVerwProzR.htm
001682134|Strauss, Judy|E-marketing|6. ed., international ed.|2014|978-0-13-280646-6|eng|cofz , text , lb08  BSO ,|QP 650 S912(6)|http://www.myilibrary.com?id=527190
001568760|Sundaresan, Suresh M.|Fixed income markets and their derivatives|3rd ed|0|978-0-12-370471-9|eng|cofz , text , lb08  BSO ,|QK 620 S957|http://proquest.tech.safaribooksonline.de/9780123704719
001547147|Sundaresan, Suresh M.|Fixed income markets and their derivatives|3. ed.|2009|0-12-370471-5|eng|cofz , text , lb08  BSO ,|QK 620 S957|http://site.ebrary.com/lib/alltitles/docDetail.action?docID=10286089
001526165|Tettinger, Peter J.|Einführung in die juristische Arbeitstechnik|4., überarb. Aufl.|2009||ger|cofz , text , lb09  BSO ,|PC 5720 T348|http://ebibliothek.beck.de/Default.aspx?vpath=bibdata/komm/TeMaHdbArbtec%5F4/cont/TeMaHdbArbtec.htm
001699283|Todd, Peter M.|Ecological rationality||2012|978-0-19-531544-8|eng|cofz , text , lb03  BSO ,|CP 4000 T635(e)|http://site.ebrary.com/lib/unimannheim/docDetail.action?docID=10539087
001599405|Tsimerman, Mosheh|Die deutschen Juden 1914 - 1945||1997|978-3-486-70207-1|ger|cofz , text , lb34  BSO ,|NB 2000 T882|http://dx.doi.org/10.1524/9783486702071
001628186|Walker, Wolf-Dietrich|Allgemeines Schuldrecht|37., aktualisierte Aufl.|2013||ger|cofz , text , lb09  BSO ,|PD 3606 B885(37)|http://ebibliothek.beck.de/?vpath=bibdata/komm/BrWaAllSchHdbBGB%5F37/cont/BrWaAllSchHdbBGB.htm
001628182|Walker, Wolf-Dietrich|Besonderes Schuldrecht|37., aktualisierte Aufl.|2013||ger|cofz , text , lb09  BSO ,|PD 4306 B885(37)|http://ebibliothek.beck.de/?vpath=bibdata/komm/BrWaBesSchHdbBGB%5F37/cont/BrWaBesSchHdbBGB.htm
001600532|Welke, Klaus|Einführung in die Satzanalyse||2007|3-11-018937-2|ger|cofz , text , lb29  BSO ,|GC 7246 W446|http://www.degruyter.com/viewbooktoc/product/62100
001700166|Wessler, Hartmut|Transnationalization of public spheres|1. publ.|2008|0-230-00837-2|eng|cofz , text , lb06  BSO ,|MS 7850 W515|http://site.ebrary.com/lib/unimannheim/docDetail.action?docID=10298434
001384947|Wieling, Hans Josef|Bereicherungsrecht|Vierte, aktualisierte Auflage|2007|978-3-540-36928-8|ger|cofz , text , lb34  BSO ,|PD 6006 W646(4)|http://dx.doi.org/10.1007/978-3-540-36928-8
001384962|Wieling, Hans Josef|Sachenrecht|Fünfte, überarbeitete Auflage|2007|978-3-540-37404-6|ger|cofz , text , lb09  BSO ,|PD 6206 W646(5)|http://dx.doi.org/10.1007/978-3-540-37404-6
001600745|Wilhelm, Jan|Kapitalgesellschaftsrecht|3., neu bearb. und erw. Aufl.|2009|978-3-89949-461-7|ger|cofz , text , lb09  BSO ,|PE 397 W678(3)|http://www.degruyter.com/viewbooktoc/product/41643
001628185|Windbichler, Christine|Gesellschaftsrecht|23., völlig neu bearb. Aufl. / des von Alfred Hueck begr. und in der 18. und 19. Aufl. von Götz Hueck bearb. Werkes|2013||ger|cofz , text , lb09  BSO ,|PE 375 H887(23)|http://ebibliothek.beck.de/?vpath=/bibdata/komm/winhdbgesr%5F23/cont/winhdbgesr.htm
001461659|Winker, Peter|Empirische Wirtschaftsforschung und Ökonometrie||2010|978-3-642-14507-0|ger|cofz , text , lb08  BSO ,|QH 240 W774|http://dx.doi.org/10.1007/978-3-642-14507-0
001388734|Winter, Carsten|Theorien der Kommunikations- und Medienwissenschaft||2008|978-3-531-90778-9|ger|cofz , text , lb01  BSO ,|AP 13550 W784|http://dx.doi.org/10.1007/978-3-531-90778-9
001383854|Winter, Wolfgang|Wissenschaftliche Arbeiten schreiben|2., aktualis. Aufl.|2005|3-636-01276-2|ger|cofz , text , lb01  BSO ,|AK 39580 W787|http://ebooks.ciando.com/book/index.cfm/bok%5Fid/6880
001515502|Wittchen, Hans-Ulrich|Klinische Psychologie & Psychotherapie|2., überarbeitete und erweiterte Auflage|2011|978-3-642-13018-2|ger|cofz , text , lb03  BSO ,|CU 1000 W827(2)|http://dx.doi.org/10.1007/978-3-642-13018-2
001504221|Wolf, Christof|Handbuch der sozialwissenschaftlichen Datenanalyse||2010|978-3-531-92038-2|ger|cofz , text , lb06  BSO ,|MR 2200 W853|http://dx.doi.org/10.1007/978-3-531-92038-2
001526146|Wolf, Manfred|Sachenrecht|25. völlig überarb. Aufl.|2010||ger|cofz , text , lb09  BSO ,|PD 6206 W854(25)|http://ebibliothek.beck.de/?vpath=bibdata/komm/WoWeSaHdbBGB%5F25/cont/WoWeSaHdbBGB.htm
001636205|Wolf, Manfred|Sachenrecht|28., überarb. Aufl.|2013||ger|cofz , text , lb09  BSO ,|PD 6206 W854(28)|http://ebibliothek.beck.de/?vpath=bibdata/komm/WoWeSaHdbBGB%5F28/cont/WoWeSaHdbBGB.htm
001527082|Wooldridge, Jeffrey M.|Econometric analysis of cross section and panel data|2. ed.|2010|0-262-23258-8|eng|cofz , text , lb08  BSO ,|QH 310 W913(2)|http://site.ebrary.com/lib/unimannheim/docDetail.action?docID=10453042
001683516|Wyatt, Rawdon|Check your English vocabulary for TOEFL||2012|978-1-408-15392-5|eng|cofz , text , lb28  BSO ,|HD 220 W976(4)|http://site.ebrary.com/lib/unimannheim/docDetail.action?docID=10557875
001626812|Wänke, Michaela|Social psychology of consumer behavior||2009|978-1-84169-498-6|eng|cofz , text , lb03  BSO ,|CW 7500 W127|http://site.ebrary.com/lib/unimannheim/docDetail.action?docID=10285317
001504830||The official guide for GMAT review|11. ed., [Nachdr.]|2009|978-1-4051-4176-5|eng|cofz , text , lb08  BSO ,|QP 371 G733|http://www.myilibrary.com/?id=268847
001600521|||7., neubearb. Aufl.|0||ger|cofz , text , lb09  BSO , druck ,||http://www.degruyter.com/viewbooktoc/product/61659

